insert into end_user
values
("Jack123","Knight987","Jack","Knight",true),
("Franklin213","Zelaya5433","Franklin","Zelaya",true),
("Alic089","Wall235","Alicia","Wallace",true),
("Jenno","Borgg2","Jennifer","Borg",false),
("Aysee123","0219321","Ayse","Bulut",false),
("Mehmeet21","12312523","Mehmet","Arı",true),
("James8773","123215","James","Smith",true),
("Ahmad777","5213stse2","Ahmad","Jabbar",true),
("Josh21315","281738sdj","Josh","Wallis",true),
("Berkooo1213","ıashdsaıu7231","Berk","Ekin",true); 


insert into end_user_email
values
("Jack123","jack.knight@isik.edu.tr"),
("Berkooo1213","berk.ekin@isik.edu.tr"),
("Mehmeet21","mehmet.arı@isik.edu.tr"),
("Jenno","jennifer.borg@isik.edu.tr"),
("Franklin213","franklin.zelaya@isik.edu.tr"),
("Alic089","Alicia.wallace@isik.edu.tr"),
("Ahmad777","ahmad.jabbar@isik.edu.tr"),
("Josh21315","josh.wallis@isik.edu.tr"),
("Aysee123","ayse.bulut@isik.edu.tr"),
("James8773","james.smith@.isik.edu.tr"); 

insert into hrr
values
("Jack123","Jack","Knight","Knight987","Jekooo213"),
("Franklin213","Franklin","Zelaya","Zelaya5433","Frank7236"),
("Alic089","Alicia","Wallace","Wall235","Alicia2138"),
("Jenno","Jennifer","Borg","Borgg2","Jenno21312"),
("Aysee123","Ayse","Bulut","0219321","Ays13123"),
("Mehmeet21","Mehmet","Arı","12312523","Mehmeet26311"),
("James8773","James","Smith","123215","Jamesss1"),
("Ahmad777","Ahmad","Jabbar","5213stse2","Ahmad99"),
("Josh21315","Josh","Wallis","281738sdj","Joshhh2813"),
("Berkooo1213","Berk","Ekin","ıashdsaıu7231","Berk53"); 

insert into company values
("21327414","Amazon","Washington","157283");
insert into company values
("17371231","CocaCola","Atlanta","252135");
insert into company values
("7592838","Ikea","Leiden","923851");
insert into company values 
("6856119","Adidas","Herzogenaurach","123828");
insert into company values
("9220192","Volkswagen","Wolfsburg","2328581"); 

insert into employment_history
values
("Jack123","2021-11-07","Communication Networks","2020-11-07","21327414"),
("Franklin213","2023-01-23","Database Systems","2019-11-07","9220192"),
("Alic089","2021-07-13","Operating System Design","2018-10-01","7592838"),
("Jenno","2022-06-07","Public Relations","2021-06-07","7592838"),
("Aysee123","2021-11-12","Public Relations","2017-11-07","6856119"),
("Mehmeet21","2021-10-16","Marketing Research","2015-03-07","6856119"),
("James8773","2022-05-22","Technical Writer","2018-10-07","6856119"),
("Ahmad777","2023-02-25","Database Systems","2019-12-07","21327414"),
("Josh21315","2023-12-12","Operating System Design","2021-11-10","21327414"),
("Berkooo1213","2021-09-05","Personnel Manager","2021-06-22","17371231");

insert into job_posting
values
("2137747","Engineer","15000","82185172021","Man","Fixed Price","2020-07-11","3year","9220192","Ays13123"),
("21385812","Security","5000","76859123055","Man","Uncommitted","2019-05-21","1year","7592838","Jekooo213"),
("8237158","Marketing","3000","25768296729","Intern","Fixed Price","2020-12-15","3month","17371231","Frank7236"),
("92193578","Design","4000","2167582031","Man","Express","2017-10-16","4year","17371231","Alicia2138"),
("123957","Production","20000","2358672918","Intern","Fixed Price","2016-11-25","3month","9220192","Jenno21312"),
("92193571","Finance","6000","235823918","Man","Bilateral","2020-05-23","2year","7592838","Mehmeet26311"),
("8582818","Contact","2500","2135823175","Intern","Fixed Price","2021-03-06","2month","6856119","Ahmad99"),
("778218","Education","5000","2635821973","Intern","Express","2020-01-01","1month","21327414","Jamesss1"),
("21358189","Engineer","12000","06893293855","Man","Loyalty","2018-08-21","3year","9220192","Joshhh2813"),
("213875781","Marketing","10000","98692839123","Man","Uncommitted","2019-07-15","1year","6856119","Berk53");

insert into application
values
("8237158","Franklin213","2020-07-11","true","Işık uni","Software Eng","2.50","false","300"),
("21385812","Franklin213","2020-07-11","true","Işık uni","Software Eng","2.50","false","300"),
("21385812","Jack123","2019-05-06","false","Işık uni","Industrial Eng","3.50","true","60"),
("2137747","Aysee123","2018-01-12","false","Işık uni","Computer Eng","3.0","false","500"),
("92193578","Alic089","2017-07-14","true","Işık uni","Software Eng","4.0","true","250"),
("213875781","Berkooo1213","2019-11-15","true","Işık uni","Biomedical Eng","1.50","true","100"),
("21358189","Josh21315","2020-12-25","true","Işık uni","Software Eng","2.0","false","50"),
("778218","Ahmad777","2021-10-10","false","Işık uni","Public Relations","2.75","true","30"),
("8582818","Mehmeet21","2019-05-12","true","Işık uni","Computer Eng","2.25","false","300"),
("21385812","James8773","2020-06-22","true","Işık uni","Business","2.40","false","100"),
("92193571","Jenno","2020-07-08","true","Işık uni","Economy","3.25","false","250"); 

insert into managerjobposting values
("8237158","Engineering","5");
insert into managerjobposting values
("21385812","Engineering","10");
insert into managerjobposting values
("2137747","Engineering","3");
insert into managerjobposting values
("92193578","Engineering","7");
insert into managerjobposting values
("213875781","Engineering","6");
insert into managerjobposting values
("21358189","Engineering","15");
insert into managerjobposting values
("778218","Psychology","2");
insert into managerjobposting values
("8582818","Engineering","4"); 
insert into managerjobposting values
("123957","Sociology","2");
insert into managerjobposting values
("92193571","Economy","7"); 

insert into enduser_employer
values
("7592838","Jack123","2019-05-11"),
("17371231","Franklin213","2017-03-15"),
("9220192","Jenno","2020-04-16"),
("17371231","Alic089","2020-02-14"),
("9220192","Josh21315","2019-12-15"),
("9220192","Aysee123","2018-10-23"),
("6856119","Berkooo1213","2020-09-25"),
("6856119","Ahmad777","2019-05-26"),
("21327414","James8773","2018-02-15"),
("7592838","Mehmeet21","2020-05-14");

insert into coursesforinternshipappss 
values
("213125213","2137747","Jack123","design"),
("2838572","21385812","Franklin213","finance"),
("5828327","8237158","Alic089","engineering"),
("901238571","92193578","Jenno","security"),
("95821735","123957","Aysee123","database"),
("92193571","92193571","Mehmeet21","networks"),
("921395721","8582818","James8773","finance"),
("723857121","778218","Ahmad777","technical"),
("21857125","21358189","Josh21315","relational"),
("77579829","213875781","Berkooo1213","manager");

insert into intershipjobposting
values
("2137747","100"),
("21385812","250"),
("8237158","500"),
("92193578","300"),
("123957","50"),
("92193571","500"),
("8582818","250"),
("778218","150"),
("21358189","200"),
("213875781","250");
